source	category	subject	label	credit	erase
class/Death_Knight_Crest.webp	classes	death-knight	Death Knight	Warcraft Wiki (Blizzard Entertainment)	
class/1280px-Demon_Hunter_Crest.png	classes	demon-hunter	Demon Hunter	Warcraft Wiki (Blizzard Entertainment)	
class/Druid_Crest.png	classes	druid	Druid	Warcraft Wiki (Blizzard Entertainment)	
class/Dracthyr_Crest.webp	classes	evoker	Evoker	Warcraft Wiki (Blizzard Entertainment)	
class/Hunter_Crest.png	classes	hunter	Hunter	Warcraft Wiki (Blizzard Entertainment)	
class/Mage_Crest.png	classes	mage	Mage	Warcraft Wiki (Blizzard Entertainment)	
class/Monk_Crest.png	classes	monk	Monk	Warcraft Wiki (Blizzard Entertainment)	
class/Paladin_Crest.png	classes	paladin	Paladin	Warcraft Wiki (Blizzard Entertainment)	
class/Priest_Crest.png	classes	priest	Priest	Warcraft Wiki (Blizzard Entertainment)	
class/Rogue_Crest.png	classes	rogue	Rogue	Warcraft Wiki (Blizzard Entertainment)	
class/Shaman_Crest.png	classes	shaman	Shaman	Warcraft Wiki (Blizzard Entertainment)	
class/Warlock_Crest.webp	classes	warlock	Warlock	Warcraft Wiki (Blizzard Entertainment)	
class/Warrior_Crest.png	classes	warrior	Warrior	Warcraft Wiki (Blizzard Entertainment)	
expansion/2560px-Battle_for_Azeroth_logo.png	expansions	battle-for-azeroth	Battle for Azeroth	Warcraft Wiki (Blizzard Entertainment)	
expansion/250px-Cataclysmlogo.webp	expansions	cataclysm	Cataclysm	Warcraft Wiki (Blizzard Entertainment)	
expansion/WoWlogo.png	expansions	classic	Classic (Vanilla)	Warcraft Wiki (Blizzard Entertainment)	
expansion/2560px-Dragonflight_logo.png	expansions	dragonflight	Dragonflight	Warcraft Wiki (Blizzard Entertainment)	
expansion/2880px-Legionlogo.png	expansions	legion	Legion	Warcraft Wiki (Blizzard Entertainment)	
expansion/250px-Midnight_2024_logo.webp	expansions	midnight	Midnight	Warcraft Wiki (Blizzard Entertainment)	
expansion/2880px-MoPlogo.png	expansions	mists-of-pandaria	Mists of Pandaria	Warcraft Wiki (Blizzard Entertainment)	
expansion/2880px-Shadowlands_logo.png	expansions	shadowlands	Shadowlands	Warcraft Wiki (Blizzard Entertainment)	
expansion/TBCLogo.png	expansions	the-burning-crusade	The Burning Crusade	Warcraft Wiki (Blizzard Entertainment)	
expansion/The_Last_Titan_logo.webp	expansions	the-last-titan	The Last Titan	Warcraft Wiki (Blizzard Entertainment)	
expansion/The_War_Within_logo_noRays.png	expansions	the-war-within	The War Within	Warcraft Wiki (Blizzard Entertainment)	
expansion/WoDLogo.png	expansions	warlords-of-draenor	Warlords of Draenor	Warcraft Wiki (Blizzard Entertainment)	
expansion/2560px-WrathLogo.png	expansions	wrath-of-the-lich-king	Wrath of the Lich King	Warcraft Wiki (Blizzard Entertainment)	
faction/major/Alliance_Crest.png	factions	alliance-crest	Alliance Crest	Warcraft Wiki (Blizzard Entertainment)	
faction/major/1024px-AllianceLogo.png	factions	alliance-logo	Alliance Logo	Warcraft Wiki (Blizzard Entertainment)	
faction/expansion/12-midnight/AmaniTribe-MajorFactionsIcons.webp	factions	amani-tribe	Amani Tribe	Warcraft Wiki (Blizzard Entertainment)	
faction/expansion/11-the-war-within/AssemblyoftheDeeps-MajorFactionsIcons.png	factions	assembly-of-the-deeps	Assembly of the Deeps	Warcraft Wiki (Blizzard Entertainment)	
other/Blackrock_Crest.webp	factions	blackrock	Blackrock	Warcraft Wiki (Blizzard Entertainment)	
other/Bleeding_hollow_Crest.png	factions	bleeding-hollow	Bleeding Hollow	Warcraft Wiki (Blizzard Entertainment)	
faction/expansion/11-the-war-within/CartelsofUndermine-MajorFactionsIcons.png	factions	cartels-of-undermine	Cartels of Undermine	Warcraft Wiki (Blizzard Entertainment)	
faction/expansion/11-the-war-within/CouncilofDornogal-MajorFactionsIcons.png	factions	council-of-dornogal	Council of Dornogal	Warcraft Wiki (Blizzard Entertainment)	
faction/expansion/10-dragonflight/MajorFactionsIcons-DragonscaleExpedition.png	factions	dragonscale-expedition	Dragonscale Expedition	Warcraft Wiki (Blizzard Entertainment)	
faction/expansion/10-dragonflight/MajorFactionsIcons-DreamWardens.png	factions	dream-wardens	Dream Wardens	Warcraft Wiki (Blizzard Entertainment)	
faction/expansion/11-the-war-within/FlamesRadiance-MajorFactionsIcons.png	factions	flames-radiance	Flames Radiance	Warcraft Wiki (Blizzard Entertainment)	
other/Frostwolf_Crest.png	factions	frostwolf	Frostwolf	Warcraft Wiki (Blizzard Entertainment)	
faction/expansion/11-the-war-within/GallagioLoyaltyRewardsClub-MajorFactionsIcons.png	factions	gallagio-loyalty-rewards-club	Gallagio Loyalty Rewards Club	Warcraft Wiki (Blizzard Entertainment)	
faction/expansion/11-the-war-within/HallowfallArathi-MajorFactionsIcons.png	factions	hallowfall-arathi	Hallowfall Arathi	Warcraft Wiki (Blizzard Entertainment)	
faction/expansion/12-midnight/Harati-MajorFactionsIcons.webp	factions	harati	Harati	Warcraft Wiki (Blizzard Entertainment)	
faction/major/Horde_Crest.webp	factions	horde-crest	Horde Crest	Warcraft Wiki (Blizzard Entertainment)	
faction/major/1024px-HordeLogo.png	factions	horde-logo	Horde Logo	Warcraft Wiki (Blizzard Entertainment)	
faction/expansion/10-dragonflight/MajorFactionsIcons-IskaaraTuskarr.png	factions	iskaara-tuskarr	Iskaara Tuskarr	Warcraft Wiki (Blizzard Entertainment)	
other/MajorFactionsIcons-KegLegsCrew.png	factions	keg-legs-crew	Keg Leg's Crew	Warcraft Wiki (Blizzard Entertainment)	
faction/expansion/10-dragonflight/Kyrian_sigil.webp	factions	kyrian	Kyrian	Warcraft Wiki (Blizzard Entertainment)	
faction/expansion/10-dragonflight/MajorFactionsIcons-LoammNiffen.png	factions	loamm-niffen	Loamm Niffen	Warcraft Wiki (Blizzard Entertainment)	
faction/expansion/11-the-war-within/ManaforgeVandals-MajorFactionsIcons.png	factions	manaforge-vandals	Manaforge Vandals	Warcraft Wiki (Blizzard Entertainment)	
faction/expansion/10-dragonflight/MajorFactionsIcons-MaruukCentaur.png	factions	maruuk-centaur	Maruuk Centaur	Warcraft Wiki (Blizzard Entertainment)	
faction/expansion/10-dragonflight/Necrolord_sigil.webp	factions	necrolord	Necrolord	Warcraft Wiki (Blizzard Entertainment)	
faction/expansion/10-dragonflight/Night_Fae_sigil.webp	factions	night-fae	Night Fae	Warcraft Wiki (Blizzard Entertainment)	
faction/expansion/12-midnight/RitualSites-MajorFactionsIcons.webp	factions	ritual-sites	Ritual Sites	Warcraft Wiki (Blizzard Entertainment)	
other/Scourge_Crest.webp	factions	scourge	Scourge	Warcraft Wiki (Blizzard Entertainment)	
faction/expansion/11-the-war-within/SeveredThreads-MajorFactionsIcons.png	factions	severed-threads	Severed Threads	Warcraft Wiki (Blizzard Entertainment)	
other/Shadowmoon_Crest.png	factions	shadowmoon	Shadowmoon	Warcraft Wiki (Blizzard Entertainment)	
other/Shattered_Hand_Crest.png	factions	shattered-hand	Shattered Hand	Warcraft Wiki (Blizzard Entertainment)	
faction/expansion/12-midnight/SilvermoonCourt-MajorFactionsIcons.webp	factions	silvermoon-court	Silvermoon Court	Warcraft Wiki (Blizzard Entertainment)	
faction/expansion/12-midnight/Singularity-MajorFactionsIcons.webp	factions	singularity	Singularity	Warcraft Wiki (Blizzard Entertainment)	
faction/expansion/11-the-war-within/TheKareshTrust-MajorFactionsIcons.png	factions	the-karesh-trust	The Karesh Trust	Warcraft Wiki (Blizzard Entertainment)	
other/Thunderlord_Crest.webp	factions	thunderlord	Thunderlord	Warcraft Wiki (Blizzard Entertainment)	
other/Twilight's_Hammer_banner_cleaned_WoD.png	factions	twilights-hammer	Twilight's Hammer	Warcraft Wiki (Blizzard Entertainment)	
faction/expansion/10-dragonflight/MajorFactionsIcons-ValdrakkenAccord.png	factions	valdrakken-accord	Valdrakken Accord	Warcraft Wiki (Blizzard Entertainment)	
faction/expansion/10-dragonflight/Venthyr_sigil.webp	factions	venthyr	Venthyr	Warcraft Wiki (Blizzard Entertainment)	
other/Warsong_Crest.png	factions	warsong	Warsong	Warcraft Wiki (Blizzard Entertainment)	
race/Icon_of_Blood.png	general	icon-of-blood	Icon of Blood	Warcraft Wiki (Blizzard Entertainment)	
other/Icon_of_Defeat.webp	general	icon-of-defeat	Icon of Defeat	Warcraft Wiki (Blizzard Entertainment)	
other/Icon_of_the_Damned.jpg	general	icon-of-the-damned	Icon of the Damned	Warcraft Wiki (Blizzard Entertainment)	0,522,262,550;392,448,494,482
faction/expansion/00-archeology/Race-icon-arakkoabig.png	races	arakkoa	Arakkoa	Warcraft Wiki (Blizzard Entertainment)	
race/Dark_Iron_crest.png	races	dark-iron	Dark Iron	Warcraft Wiki (Blizzard Entertainment)	
faction/expansion/00-archeology/Legion_Icon.png	races	demon	Demon (Legion)	Warcraft Wiki (Blizzard Entertainment)	
race/Dracthyr_Crest.webp	races	dracthyr	Dracthyr	Warcraft Wiki (Blizzard Entertainment)	
race/Draenei_Crest.png	races	draenei	Draenei	Warcraft Wiki (Blizzard Entertainment)	
faction/expansion/00-archeology/Race-icon-draenororcs.webp	races	draenor-orc	Draenor Orc	Warcraft Wiki (Blizzard Entertainment)	
faction/expansion/00-archeology/800px-DrustRaceIcon.jpg	races	drust	Drust	Warcraft Wiki (Blizzard Entertainment)	
race/Dwarf_Crest.png	races	dwarf	Dwarf	Warcraft Wiki (Blizzard Entertainment)	
race/Earthen_Crest.webp	races	earthen	Earthen	Warcraft Wiki (Blizzard Entertainment)	
race/Forsaken_Crest.webp	races	forsaken	Forsaken	Warcraft Wiki (Blizzard Entertainment)	
race/Gnome_Crest.png	races	gnome	Gnome	Warcraft Wiki (Blizzard Entertainment)	
race/Goblin-Icon.png	races	goblin	Goblin	Warcraft Wiki (Blizzard Entertainment)	
race/Haranir_Crest.webp	races	haranir	Haranir	Warcraft Wiki (Blizzard Entertainment)	
race/Highmountain_Tauren_Crest.webp	races	highmountain-tauren	Highmountain Tauren	Warcraft Wiki (Blizzard Entertainment)	
faction/expansion/00-archeology/Highmountain_tauren_Legion_Icon.png	races	highmountain-tauren-legion	Highmountain Tauren (Legion)	Warcraft Wiki (Blizzard Entertainment)	
race/Human_Crest.png	races	human	Human	Warcraft Wiki (Blizzard Entertainment)	
race/1024px-Kul_Tiran_crest.png	races	kul-tiran	Kul Tiran	Warcraft Wiki (Blizzard Entertainment)	
race/Lightforged_Draenei_Crest.png	races	lightforged-draenei	Lightforged Draenei	Warcraft Wiki (Blizzard Entertainment)	
race/Mag'har_crest.png	races	maghar	Mag'har	Warcraft Wiki (Blizzard Entertainment)	
faction/expansion/00-archeology/Race-icon-mantid.webp	races	mantid	Mantid	Warcraft Wiki (Blizzard Entertainment)	
race/Mechagnome_crest.png	races	mechagnome	Mechagnome	Warcraft Wiki (Blizzard Entertainment)	
faction/expansion/00-archeology/Mogu_crest.jpg	races	mogu	Mogu	Warcraft Wiki (Blizzard Entertainment)	
faction/expansion/00-archeology/Race-icon-nerubian.webp	races	nerubian	Nerubian	Warcraft Wiki (Blizzard Entertainment)	
race/Night_Elf_Crest.png	races	night-elf	Night Elf	Warcraft Wiki (Blizzard Entertainment)	
race/Nightborne_Crest.webp	races	nightborne	Nightborne	Warcraft Wiki (Blizzard Entertainment)	
faction/expansion/00-archeology/Nightborne_Race_Icon.webp	races	nightborne-legion	Nightborne (Legion)	Warcraft Wiki (Blizzard Entertainment)	
faction/expansion/00-archeology/Race-icon-ogre.webp	races	ogre	Ogre	Warcraft Wiki (Blizzard Entertainment)	
race/Orc_Crest.png	races	orc	Orc	Warcraft Wiki (Blizzard Entertainment)	
race/Pandaren_Crest.png	races	pandaren	Pandaren	Warcraft Wiki (Blizzard Entertainment)	
race/Tauren_Crest.png	races	tauren	Tauren	Warcraft Wiki (Blizzard Entertainment)	
faction/expansion/00-archeology/Race-icon-tolvir.webp	races	tolvir	Tol'vir	Warcraft Wiki (Blizzard Entertainment)	
race/Troll_Crest.webp	races	troll	Troll	Warcraft Wiki (Blizzard Entertainment)	
race/Void_Elf_Crest.webp	races	void-elf	Void Elf	Warcraft Wiki (Blizzard Entertainment)	
faction/expansion/00-archeology/Race-icon-vrykul.webp	races	vrykul	Vrykul	Warcraft Wiki (Blizzard Entertainment)	
race/Vulpera_crest.png	races	vulpera	Vulpera	Warcraft Wiki (Blizzard Entertainment)	
race/1024px-Worgen-Icon.png	races	worgen	Worgen	Warcraft Wiki (Blizzard Entertainment)	
race/1024px-Zandalari_crest.png	races	zandalari	Zandalari	Warcraft Wiki (Blizzard Entertainment)	
